,hate,hate_dyu,hate_dyd,year
0,-0.10570569774789078,-0.10244359014541908,-0.10905397269090072,2016
1,-0.11195555698279211,-0.10930731129000741,-0.11453296677548304,2017
