,hate,hate_dyu,hate_dyd,year
0,-0.0929580280821954,-0.08614717286285857,-0.10012563078817738,2015
1,-0.11409399239650737,-0.1106280884812148,-0.11750216740867052,2016
