,hate,hate_dyu,hate_dyd,year
0,-0.10464439521153826,-0.09987927861481719,-0.10905846317738795,2017
1,-0.10683443437889353,-0.10527098460917864,-0.10851252166144673,2018
