,hate,hate_dyu,hate_dyd,year
0,-0.10634883345266902,-0.08311475270035082,-0.12912027750704586,2016
1,-0.0710782982450499,-0.06397711559558555,-0.07786039553961611,2017
