,hate,hate_dyu,hate_dyd,year
0,-0.09871605190557145,-0.09437116483173816,-0.10291604328747757,2016
1,-0.09371912002851739,-0.0914855769180219,-0.09625612950434213,2017
