,hate,hate_dyu,hate_dyd,year
0,-0.16417094696523601,-0.1538788789679691,-0.17540471296188515,2016
1,-0.1300285091977079,-0.1240674682763519,-0.13586178410128455,2017
