,hate,hate_dyu,hate_dyd,year
0,-0.09015548886186457,-0.08395575595449385,-0.09611892149440633,2015
1,-0.12068892312599773,-0.11712831369499503,-0.12416237029878811,2016
