,hate,hate_dyu,hate_dyd,year
0,-0.11584821495148348,-0.11081629469762957,-0.12088756946940657,2016
1,-0.10648670856749008,-0.10303072992505917,-0.10981574809646993,2017
