,hate,hate_dyu,hate_dyd,year
0,-0.15158730690438607,-0.1289113711014563,-0.17257347891973768,2016
1,-0.09856245671565064,-0.08906937075585562,-0.10755540554168429,2017
