,hate,hate_dyu,hate_dyd,year
0,-0.11651700919351865,-0.09535351416904729,-0.13819691035206425,2015
1,-0.13589509609768274,-0.12712401367524023,-0.1446266367907754,2016
