,hate,hate_dyu,hate_dyd,year
0,-0.13211200684905078,-0.12566939758296913,-0.13836163456394868,2017
1,-0.12571192657719113,-0.12196680829588166,-0.12870987008292928,2018
