,hate,hate_dyu,hate_dyd,year
0,-0.1171176424484035,-0.10740334572174105,-0.126857845349872,2015
1,-0.12522997532286934,-0.11983873303103437,-0.13043295576725303,2016
