,hate,hate_dyu,hate_dyd,year
0,-0.0871962336729571,-0.068738241954434,-0.10524725208387693,2017
1,-0.08823024058620443,-0.08345325484174367,-0.09286028435462682,2018
