,hate,hate_dyu,hate_dyd,year
0,-0.13161104707955393,-0.11635371948080399,-0.14636668581536416,2017
1,-0.10984347905411637,-0.104493784147518,-0.11556098669073979,2018
