,hate,hate_dyu,hate_dyd,year
0,0.0006616434772896982,0.05171897292003665,-0.05346153561307456,2015
1,-0.08795050794825196,-0.07726686368500985,-0.09866881227316426,2016
