,hate,hate_dyu,hate_dyd,year
0,-0.10706745047824541,-0.10475321049805929,-0.10926634597799072,2017
1,-0.11919010044283176,-0.11779205890361603,-0.1205481346861063,2018
