,hate,hate_dyu,hate_dyd,year
0,-0.10328344152653553,-0.06175360386338371,-0.1460485055959821,2015
1,-0.15670262877368094,-0.14138945311724527,-0.17189762466993125,2016
