,hate,hate_dyu,hate_dyd,year
0,-0.10744580146222801,-0.1034311924766412,-0.11138871798043504,2017
1,-0.11302732179586707,-0.11099299980400448,-0.11513095182129991,2018
