,hate,hate_dyu,hate_dyd,year
0,-0.24240435490435486,-0.08060897435897435,-0.40962301587301586,2016
1,-0.06707419326975766,-0.04270072422301138,-0.09176104912577708,2017
