,hate,hate_dyu,hate_dyd,year
0,0.10996496440274346,0.16635094501026423,0.04635460619696113,2017
1,-0.06491880263956264,-0.05388197759300737,-0.07696435406655477,2018
