,hate,hate_dyu,hate_dyd,year
0,-0.07697373393801966,0.13457671957671954,-0.3096523053665911,2016
1,-0.06865581219711142,-0.05647817055815413,-0.08083928805930649,2017
