,hate,hate_dyu,hate_dyd,year
0,-0.09705742857423189,-0.042773161296422633,-0.15525678291772269,2016
1,-0.11523850566596311,-0.0995858254634141,-0.12951017835305553,2017
