,hate,hate_dyu,hate_dyd,year
0,-0.08258627946127943,-0.016666666666666656,-0.16652777777777775,2015
1,-0.050036065597012735,-0.02786007835693176,-0.07365094374623543,2016
