,hate,hate_dyu,hate_dyd,year
0,-0.01781926406926406,0.06257575757575756,-0.15234307359307356,2015
1,-0.12065127776235013,-0.08108215011905812,-0.15788766415023503,2016
