,hate,hate_dyu,hate_dyd,year
0,-0.15098169323206903,-0.12025948820684468,-0.18271459624962955,2017
1,-0.12673969869654797,-0.11940755869403918,-0.13422220289662926,2018
