,hate,hate_dyu,hate_dyd,year
0,-0.07923730215946356,0.01594721368272092,-0.1895692734782209,2017
1,-0.08216289878240612,-0.06799295082805651,-0.09581123925773176,2018
