,hate,hate_dyu,hate_dyd,year
0,-0.07415677049855765,-0.027096594963094026,-0.12476457000709612,2015
1,-0.1140886593933577,-0.08989539529014859,-0.13808531465324672,2016
