,hate,hate_dyu,hate_dyd,year
0,0.012895836705637596,0.04323526134637595,-0.020042172778425956,2017
1,-0.07242435123930567,-0.0627834348559375,-0.0814127858750862,2018
