,hate,hate_dyu,hate_dyd,year
0,-0.10594210709156236,-0.09219277909063883,-0.11960567336697063,2017
1,-0.1023307231224168,-0.09725451119947934,-0.10760951021054817,2018
