,hate,hate_dyu,hate_dyd,year
0,-0.08329512653617106,-0.0450757600463945,-0.12325947394882678,2017
1,-0.08912206909365372,-0.07806581480386544,-0.10043234673449444,2018
