,hate,hate_dyu,hate_dyd,year
0,-0.04815717282298672,0.007409840987199355,-0.10054797046292033,2015
1,-0.05403124715075673,-0.0353814642321843,-0.07039435762124051,2016
