,hate,hate_dyu,hate_dyd,year
0,-0.0819418672676518,-0.06098843876540723,-0.10267534000211789,2016
1,-0.07693259501725508,-0.0648205582003369,-0.08841305602247326,2017
