,hate,hate_dyu,hate_dyd,year
0,-0.03299447893067359,0.023105293118999247,-0.09517374128354705,2016
1,-0.032660946854201574,-0.015875271328220083,-0.04841696044404966,2017
