,hate,hate_dyu,hate_dyd,year
0,-0.08322206687550394,0.029615193608700106,-0.201149380859972,2015
1,-0.10037279176495491,-0.07320445630890596,-0.127712245640116,2016
