,hate,hate_dyu,hate_dyd,year
0,-0.06264848478137312,-0.016124600622698798,-0.10979466151217859,2016
1,-0.07989816165433467,-0.05866317764564377,-0.10118699836175847,2017
