,hate,hate_dyu,hate_dyd,year
0,-0.026295680999728406,0.0004527159011330993,-0.05248138548039821,2015
1,-0.07016115405011264,-0.054885895134120524,-0.08550499782208561,2016
