,polarity,polarity_dyu,polarity_dyd,year
0,0.06941600294248274,0.08346318025707605,0.05533771308058895,2016
1,0.058523316852334896,0.06468198129149048,0.05303639286512852,2017
2,0.061156674311849006,0.06620071809958865,0.05584366550540078,2018
