,polarity,polarity_dyu,polarity_dyd,year
0,0.04119576591470183,0.053617858274416307,0.02898940653954198,2016
1,0.05053654971820576,0.05687460698813236,0.0441288702569607,2017
2,0.052672519885781,0.057159163720668656,0.048273926603901514,2018
