,polarity,polarity_dyu,polarity_dyd,year
0,0.05914719975683203,0.06276303376689378,0.055716481847894406,2017
1,0.05528382968083516,0.05673193877091976,0.05375909525885545,2018
