,polarity,polarity_dyu,polarity_dyd,year
0,0.05413407355409949,0.06046909739048547,0.04752142050004389,2017
1,0.048138363548966424,0.05072825313199942,0.045746344370681896,2018
