,polarity,polarity_dyu,polarity_dyd,year
0,0.060177597910239536,0.06837424810979546,0.05173898214185553,2017
1,0.059379550228757405,0.06283217253562882,0.05615941911159758,2018
