,polarity,polarity_dyu,polarity_dyd,year
0,0.04449129797753857,0.06620450916192244,0.021890616054104306,2015
1,0.05424319175520785,0.06495671938698293,0.04301925605407896,2016
2,0.041587726848536476,0.0498717173502407,0.03316608464574489,2017
3,0.05095818091217903,0.060833403130101556,0.041251050420474555,2018
