,polarity,polarity_dyu,polarity_dyd,year
0,0.0433895888698165,0.05529478930082358,0.03225153321142708,2017
1,0.053433455958396436,0.05670039926967343,0.05043069698211764,2018
