,polarity,polarity_dyu,polarity_dyd,year
0,0.06994494887156383,0.09062456671167107,0.049606296091173764,2017
1,0.06556410937162319,0.07062929397453392,0.0605389854846875,2018
