,polarity,polarity_dyu,polarity_dyd,year
0,0.03762484929030842,0.0504893956615213,0.025600719818764484,2016
1,0.03999843793308203,0.045416885749171604,0.03453058867345657,2017
2,0.04819465309500174,0.052675802102929485,0.04379504798196422,2018
