,polarity,polarity_dyu,polarity_dyd,year
0,0.05022631597119811,0.06804692940747482,0.033054018534220915,2017
1,0.04939400093111477,0.05464388427530591,0.04434319915258425,2018
