,polarity,polarity_dyu,polarity_dyd,year
0,0.05745319203369235,0.06424828787967168,0.050738955954045754,2017
1,0.0476089485799838,0.049396672213792354,0.045864040795144,2018
