,polarity,polarity_dyu,polarity_dyd,year
0,0.0716289749834282,0.09714477086289168,0.046631716841339405,2017
1,0.057044592278237875,0.06096924219332362,0.05299333145219466,2018
