,polarity,polarity_dyu,polarity_dyd,year
0,0.0408487616622367,0.06712120263476594,0.015242977321160223,2017
1,0.058222110442390874,0.06224458363408193,0.054722254440383734,2018
