,polarity,polarity_dyu,polarity_dyd,year
0,0.06074788025946777,0.07460660530915696,0.04664354984448574,2017
1,0.05948326622822616,0.06267206409063754,0.05622189922966802,2018
