,polarity,polarity_dyu,polarity_dyd,year
0,0.06250139570846003,0.06647117004228496,0.05866681202115087,2017
1,0.05095304342570245,0.05247766944223886,0.04957571151711331,2018
