,polarity,polarity_dyu,polarity_dyd,year
0,0.06312850230261248,0.08896854469887192,0.037003726260094266,2016
1,0.06296780902642991,0.06867407578487125,0.05719811637036857,2017
2,0.06485330381482925,0.07004373196736173,0.06000795509543538,2018
