,polarity,polarity_dyu,polarity_dyd,year
0,0.07127032415712606,0.078391762639434,0.06442050240790029,2016
1,0.04803578700273443,0.051572111297989456,0.04453262136388807,2017
2,0.047914537786073894,0.05069544028766214,0.04519458612326659,2018
