,polarity,polarity_dyu,polarity_dyd,year
0,0.05830886083304683,0.06971827108622185,0.04706673750760904,2017
1,0.05944975767568088,0.06287906077522758,0.056179328121647325,2018
