,polarity,polarity_dyu,polarity_dyd,year
0,0.0653294633542109,0.08256082611854197,0.04807456546076071,2015
1,0.06137018132945219,0.07221157872757628,0.051687624449911075,2016
2,0.05681096806803463,0.07073717301766796,0.044138268255927225,2017
3,0.0624545301861426,0.07182002507792327,0.05285985225074442,2018
