,SEVERE_TOXICITY,SEVERE_TOXICITY_dyu,SEVERE_TOXICITY_dyd,engage
0,0.28307952389188556,0.2842943492201601,0.28192186591362406,1
1,0.2964355088299742,0.29792646036977427,0.29478443936213183,2_3
2,0.30815671859572563,0.309832840814607,0.3064961882601495,4_9
3,0.3167863114579981,0.3185833591380148,0.3148347947285769,10
