,SEVERE_TOXICITY,SEVERE_TOXICITY_dyu,SEVERE_TOXICITY_dyd,engage
0,0.22496886414179346,0.2256533709540515,0.22426114954951057,1
1,0.2257071304662435,0.22650042370503812,0.2248218661473483,2_3
2,0.2270467966773344,0.22794321528133077,0.22620083581188488,4_9
3,0.2255421323458857,0.22652601940497846,0.22459810860773924,10
