,SEVERE_TOXICITY,SEVERE_TOXICITY_dyu,SEVERE_TOXICITY_dyd,engage
0,0.26161588059864693,0.26258318839029793,0.26064487694266886,1
1,0.26529693190278625,0.26645099403978256,0.26408860580912935,2_3
2,0.27340547745075894,0.27465698083408197,0.2721347369727175,4_9
3,0.27259436467482323,0.2740730534610614,0.27117169851005735,10
