,SEVERE_TOXICITY,SEVERE_TOXICITY_dyu,SEVERE_TOXICITY_dyd,engage
0,0.2258724179600331,0.2266188473331643,0.22510835311996152,1
1,0.2266140562978466,0.22753128430134434,0.22574554218100404,2_3
2,0.22787427063556595,0.22868028651971353,0.22703854707292656,4_9
3,0.2285551790268872,0.22939749492617167,0.2276875923812349,10
