,SEVERE_TOXICITY,SEVERE_TOXICITY_dyu,SEVERE_TOXICITY_dyd,engage
0,0.24980533620993464,0.25046428491239486,0.24922731810375373,1
1,0.25355855968835106,0.2543035473502834,0.25285566855265995,2_3
2,0.2588213397530451,0.25962684468743624,0.2579917168272962,4_9
3,0.2623480453471539,0.2631685928534626,0.26147151665595825,10
