,SEVERE_TOXICITY,SEVERE_TOXICITY_dyu,SEVERE_TOXICITY_dyd,engage
0,0.18206410242770668,0.1830204239168745,0.18114009632239825,1
1,0.19108540716413186,0.19234451629116714,0.18980222084719894,2_3
2,0.1981147184810182,0.19974005666819275,0.19663709160915185,4_9
3,0.19434490889073083,0.19597210932901152,0.19247426167128404,10
