,SEVERE_TOXICITY,SEVERE_TOXICITY_dyu,SEVERE_TOXICITY_dyd,engage
0,0.18819430884258048,0.18883521746820842,0.18758978641911667,1
1,0.2026134672092502,0.2034578784693887,0.20178813776010193,2_3
2,0.2153580036317347,0.21635093404854602,0.21441430160742042,4_9
3,0.22126523490002314,0.22225648921768118,0.22031613131742683,10
