,SEVERE_TOXICITY,SEVERE_TOXICITY_dyu,SEVERE_TOXICITY_dyd,engage
0,0.194372285541414,0.19506541760453255,0.19366677909916996,1
1,0.19220011506026904,0.19300176560726467,0.19147551043059893,2_3
2,0.19316351225536768,0.1939250305445943,0.19235449464339294,4_9
3,0.20016978566019572,0.20098103051681537,0.19946023288574258,10
