,SEVERE_TOXICITY,SEVERE_TOXICITY_dyu,SEVERE_TOXICITY_dyd,engage
0,0.20459263645429768,0.20512496288996213,0.20402065872900307,1
1,0.20337335645749832,0.20401450876661884,0.2027373095361739,2_3
2,0.20578128567485937,0.20641894014565051,0.20514264407202226,4_9
3,0.21513329572618783,0.21579333902896217,0.21453786171032152,10
