,SEVERE_TOXICITY,SEVERE_TOXICITY_dyu,SEVERE_TOXICITY_dyd,engage
0,0.19418280719324404,0.1948535777850642,0.19350134075827485,1
1,0.19302980846255124,0.19383723379505702,0.19226000690214118,2_3
2,0.19271267541471213,0.1935016590916256,0.19187149505112036,4_9
3,0.19323590807575816,0.19423745691129038,0.19226812625248166,10
