,SEVERE_TOXICITY,SEVERE_TOXICITY_dyu,SEVERE_TOXICITY_dyd,engage
0,0.19624192535692406,0.1975098077303353,0.19496587844374408,1
1,0.19967086946544182,0.20113511722125732,0.19815815672143347,2_3
2,0.20731118779669505,0.20914356946336884,0.20560536935672513,4_9
3,0.22031781758960728,0.22227119994470035,0.2184498004090661,10
