,SEVERE_TOXICITY,SEVERE_TOXICITY_dyu,SEVERE_TOXICITY_dyd,year
0,0.2688452287497483,0.27283020603499303,0.2649588008176845,2
1,0.2755258243232436,0.27952564613723807,0.2713708614869475,4
2,0.2782938775227934,0.2823733926142612,0.2747066046686315,6
3,0.27958512442989225,0.283565779672847,0.27561258126444443,8
4,0.27951393865564983,0.28346138218469447,0.27561302679431615,10
