,SEVERE_TOXICITY,SEVERE_TOXICITY_dyu,SEVERE_TOXICITY_dyd,year
0,0.24307447770402765,0.2509997304028416,0.23478252132275762,2
1,0.24319605947192272,0.25152475694440485,0.2350558971131994,4
2,0.24478793117017997,0.25278370582832904,0.23751367682766064,6
3,0.247018107251161,0.2544980696453044,0.23964339965936532,8
4,0.24810230586812318,0.25595369450634375,0.24038076353016585,10
