,SEVERE_TOXICITY,SEVERE_TOXICITY_dyu,SEVERE_TOXICITY_dyd,year
0,0.19076554125022593,0.19320280683379384,0.1884472064286708,2
1,0.1930091835338049,0.19554392204047194,0.19054362678992726,4
2,0.19864384738540605,0.20106928484224562,0.1961572214811013,6
3,0.2008057742511909,0.20332418195043273,0.19832800732464861,8
4,0.20136253352641048,0.20388876683200816,0.1988499855744545,10
