,TOXICITY,TOXICITY_dyu,TOXICITY_dyd,SEVERE_TOXICITY,SEVERE_TOXICITY_dyu,SEVERE_TOXICITY_dyd,IDENTITY_ATTACK,IDENTITY_ATTACK_dyu,IDENTITY_ATTACK_dyd,INSULT,INSULT_dyu,INSULT_dyd,PROFANITY,PROFANITY_dyu,PROFANITY_dyd,THREAT,THREAT_dyu,THREAT_dyd,SEXUALLY_EXPLICIT,SEXUALLY_EXPLICIT_dyu,SEXUALLY_EXPLICIT_dyd,FLIRTATION,FLIRTATION_dyu,FLIRTATION_dyd,year
0,0.3986949971608255,0.3996478022525537,0.3978115962882139,0.26215553847684164,0.2629616257065698,0.2613615154577555,0.3126476412765441,0.3134802824578111,0.311840791865779,0.35483055365087796,0.35483055365087796,0.35483055365087796,0.32064459149186925,0.32064459149186925,0.32064459149186925,0.27663549221128453,0.27663549221128453,0.27663549221128453,0.21352403188489483,0.21352403188489483,0.21352403188489483,0.3489790598845533,0.3489790598845533,0.3489790598845533,2016
1,0.4008880704318444,0.4017252186922158,0.3999906174345326,0.26472487788661453,0.2654698632528592,0.2639885522338369,0.3142160413578423,0.3149642931807476,0.31349378897769953,0.35392993701354564,0.35392993701354564,0.35392993701354564,0.3200340756928047,0.3200340756928047,0.3200340756928047,0.2826866601026072,0.2826866601026072,0.2826866601026072,0.2157575141628896,0.2157575141628896,0.2157575141628896,0.3497047732300443,0.3497047732300443,0.3497047732300443,2017
2,0.38818614637934706,0.3888916883092579,0.3875308033258199,0.25227826492371713,0.252866455857832,0.2517408746409521,0.3112831644451003,0.3118234089011186,0.3107621381486199,0.3459378548219538,0.3459378548219538,0.3459378548219538,0.3031724431205763,0.3031724431205763,0.3031724431205763,0.2825805998991452,0.2825805998991452,0.2825805998991452,0.20668848447241192,0.20668848447241192,0.20668848447241192,0.34958761006087585,0.34958761006087585,0.34958761006087585,2018
