,TOXICITY,TOXICITY_dyu,TOXICITY_dyd,SEVERE_TOXICITY,SEVERE_TOXICITY_dyu,SEVERE_TOXICITY_dyd,IDENTITY_ATTACK,IDENTITY_ATTACK_dyu,IDENTITY_ATTACK_dyd,INSULT,INSULT_dyu,INSULT_dyd,PROFANITY,PROFANITY_dyu,PROFANITY_dyd,THREAT,THREAT_dyu,THREAT_dyd,SEXUALLY_EXPLICIT,SEXUALLY_EXPLICIT_dyu,SEXUALLY_EXPLICIT_dyd,FLIRTATION,FLIRTATION_dyu,FLIRTATION_dyd,year
0,0.3988402104503872,0.3998267329905969,0.39782197837399896,0.2624712730239243,0.26331350082330207,0.2616643737784694,0.3126905765007429,0.31353651465264704,0.31184689888120204,0.3552257878678378,0.35615001303747285,0.3542671344899577,0.31996331562785063,0.3210517049182305,0.3189615375104115,0.2772744630925244,0.27798025570234636,0.276632801692167,0.2134201891688775,0.21408447207536652,0.2127520234964152,0.3497379344606573,0.35030644283737844,0.3491768920121971,2016
1,0.4005948464801556,0.40148510794294995,0.3997100125206449,0.26459967760217845,0.26532293102065324,0.2638435722142389,0.31340534885556814,0.3141393780092658,0.31263046482449885,0.3538293090003372,0.35458268204966,0.35304422596606466,0.3193923041535324,0.3203630136628817,0.31840822067299585,0.2826789309694029,0.2832450998558143,0.28208316540980166,0.21578258751975912,0.2164121355365942,0.2151415180851873,0.35039743391643435,0.35085317185211945,0.3498700624351091,2017
2,0.3885986230179723,0.38921490430867484,0.38794495789823275,0.25276210730917464,0.25331599427149637,0.2522028254701845,0.31117094870430867,0.31174949141726616,0.3106388559530618,0.3464766398961541,0.3471176755531918,0.3458990427367133,0.3034502250962041,0.30413946902972183,0.3028026809583059,0.28292441564045767,0.2833374676752922,0.28248295913429095,0.2068797273078398,0.20729328263937652,0.2064487261373962,0.350081860525359,0.3504331992050743,0.3497076580470871,2018
