,TOXICITY,TOXICITY_dyu,TOXICITY_dyd,SEVERE_TOXICITY,SEVERE_TOXICITY_dyu,SEVERE_TOXICITY_dyd,IDENTITY_ATTACK,IDENTITY_ATTACK_dyu,IDENTITY_ATTACK_dyd,INSULT,INSULT_dyu,INSULT_dyd,PROFANITY,PROFANITY_dyu,PROFANITY_dyd,THREAT,THREAT_dyu,THREAT_dyd,SEXUALLY_EXPLICIT,SEXUALLY_EXPLICIT_dyu,SEXUALLY_EXPLICIT_dyd,FLIRTATION,FLIRTATION_dyu,FLIRTATION_dyd,year
0,0.40580927831586555,0.40615959762960613,0.4054922543336367,0.269383935519136,0.2696647120812518,0.269123349862867,0.31284352459903225,0.31308149653800915,0.31258226726571386,0.35982567572580987,0.35982567572580987,0.35982567572580987,0.3294746467174185,0.3294746467174185,0.3294746467174185,0.27806924732441773,0.27806924732441773,0.27806924732441773,0.21953721262574988,0.21953721262574988,0.21953721262574988,0.35129679255470997,0.35129679255470997,0.35129679255470997,2016
1,0.40248493378071726,0.4027289795367479,0.4021907624633494,0.2658535930978039,0.2660813651970373,0.26562306107234146,0.31140940020992525,0.3116249200184684,0.3111934727601759,0.3550377865322363,0.3550377865322363,0.3550377865322363,0.32294762789384185,0.32294762789384185,0.32294762789384185,0.28128076553929815,0.28128076553929815,0.28128076553929815,0.21749018274493723,0.21749018274493723,0.21749018274493723,0.35076704768182987,0.35076704768182987,0.35076704768182987,2017
2,0.39213108437378735,0.3923181291941447,0.39194421166056276,0.25561550051032284,0.25575983047528006,0.25545822126581963,0.3065405998031134,0.3066915385979711,0.3063882480145753,0.34934987661639944,0.34934987661639944,0.34934987661639944,0.31004483708074193,0.31004483708074193,0.31004483708074193,0.27894374597863303,0.27894374597863303,0.27894374597863303,0.21048342304953527,0.21048342304953527,0.21048342304953527,0.34991305165496916,0.34991305165496916,0.34991305165496916,2018
