,TOXICITY,TOXICITY_dyu,TOXICITY_dyd,SEVERE_TOXICITY,SEVERE_TOXICITY_dyu,SEVERE_TOXICITY_dyd,IDENTITY_ATTACK,IDENTITY_ATTACK_dyu,IDENTITY_ATTACK_dyd,INSULT,INSULT_dyu,INSULT_dyd,PROFANITY,PROFANITY_dyu,PROFANITY_dyd,THREAT,THREAT_dyu,THREAT_dyd,SEXUALLY_EXPLICIT,SEXUALLY_EXPLICIT_dyu,SEXUALLY_EXPLICIT_dyd,FLIRTATION,FLIRTATION_dyu,FLIRTATION_dyd,year
0,0.40651427918214766,0.40682679528269416,0.4061858281697642,0.27031027627663823,0.2706096019099705,0.27002110832065646,0.3122065404277922,0.31246085133376494,0.3119363811346548,0.36072227021809933,0.3610434975190295,0.3603882451367926,0.3293760015495441,0.3297095932178396,0.3290204844520782,0.2787369315793931,0.2789559793423994,0.27853327211342704,0.22008056037907303,0.22031650814237907,0.2198244837993101,0.35279965009887115,0.35297905640443583,0.35260551259416373,2016
1,0.4026020594809929,0.40287809311383466,0.4023344429994671,0.2661503081834572,0.26638759948723667,0.2659350129514067,0.31036034089958603,0.31058407153311823,0.31015049161212244,0.3552952658284606,0.3555720680973,0.35503338703002685,0.3227479360903582,0.3230256280599752,0.32243902615819464,0.28135645946792986,0.28153688641848423,0.28117446170272736,0.21791091448128452,0.2181114574939574,0.2177138634680927,0.3516675720471298,0.35181610515292366,0.35151963419775706,2017
2,0.39274735536757377,0.3929220038318877,0.3925493685233595,0.2562418689072527,0.25641223639319316,0.25608767724220327,0.3062025051987039,0.3063580322525521,0.30603774938848943,0.35005409824818695,0.35025160126066557,0.34986366839383254,0.3105876900778133,0.3107750259852923,0.3103909358208591,0.2791735867878796,0.2792962910924815,0.27904860327500025,0.21071490064311146,0.2108586900577152,0.2105862968009594,0.3504808692526303,0.3505945260988892,0.3503752041192209,2018
