,TOXICITY,TOXICITY_dyu,TOXICITY_dyd,SEVERE_TOXICITY,SEVERE_TOXICITY_dyu,SEVERE_TOXICITY_dyd,IDENTITY_ATTACK,IDENTITY_ATTACK_dyu,IDENTITY_ATTACK_dyd,INSULT,INSULT_dyu,INSULT_dyd,PROFANITY,PROFANITY_dyu,PROFANITY_dyd,THREAT,THREAT_dyu,THREAT_dyd,SEXUALLY_EXPLICIT,SEXUALLY_EXPLICIT_dyu,SEXUALLY_EXPLICIT_dyd,FLIRTATION,FLIRTATION_dyu,FLIRTATION_dyd,year
0,0.37037233011477544,0.3726581475206358,0.36816118705660505,0.24561810330132067,0.2476469618717993,0.24374200453701872,0.3320570910602024,0.33411835848727117,0.33002668971084914,0.32934759956213927,0.3316577893349034,0.32725590244967173,0.2833197531591201,0.28557712183400985,0.28101881024268144,0.2605785311483576,0.26202039321948206,0.25906190704732096,0.20097528615931812,0.20251170660999598,0.19939422978860397,0.355420482611828,0.3567782267707493,0.3541218369219171,2016
1,0.4135884748783908,0.41486836500663593,0.4124545730056239,0.2836717651385171,0.28477668207222734,0.28254124061192426,0.3795612506296447,0.3807711129594749,0.37841020531314884,0.364024524776641,0.3652105740780697,0.3627270548943252,0.3179591916992746,0.31923825270032125,0.3166598306777904,0.2804056897668093,0.28130142807050695,0.27955123412548366,0.2157343915714757,0.2166229026319418,0.21485510886765669,0.362846312945178,0.36351466736940824,0.3620988264273723,2017
2,0.4144878690632828,0.41520192379953963,0.41367944337344154,0.281214923189151,0.2818984930000643,0.2805724524767121,0.3854619022293884,0.3862191300789203,0.38480063150168725,0.3639056316292914,0.36465374944604784,0.36321903579172915,0.31448346689956314,0.31524777283091876,0.3136804246365691,0.2861822574793642,0.28672986063820516,0.2856765131193672,0.2118629285642862,0.21241305514165235,0.21128770360986088,0.3602019374923286,0.3605955689635376,0.3598052435737998,2018
