,TOXICITY,TOXICITY_dyu,TOXICITY_dyd,SEVERE_TOXICITY,SEVERE_TOXICITY_dyu,SEVERE_TOXICITY_dyd,IDENTITY_ATTACK,IDENTITY_ATTACK_dyu,IDENTITY_ATTACK_dyd,INSULT,INSULT_dyu,INSULT_dyd,PROFANITY,PROFANITY_dyu,PROFANITY_dyd,THREAT,THREAT_dyu,THREAT_dyd,SEXUALLY_EXPLICIT,SEXUALLY_EXPLICIT_dyu,SEXUALLY_EXPLICIT_dyd,FLIRTATION,FLIRTATION_dyu,FLIRTATION_dyd,year
0,0.4078143209559591,0.41076532923590836,0.40492580144053814,0.2709646977090797,0.27360404378275927,0.2683364297097253,0.315658242513347,0.3179935218185872,0.3134645411688189,0.36040744366549277,0.36040744366549277,0.36040744366549277,0.33088216107326407,0.33088216107326407,0.33088216107326407,0.27929442143257033,0.27929442143257033,0.27929442143257033,0.2205679551821193,0.2205679551821193,0.2205679551821193,0.35180956169514904,0.35180956169514904,0.35180956169514904,2016
1,0.4061681309645355,0.40807990148011336,0.40423314058978493,0.2690428807772798,0.270694142491136,0.26743208293862913,0.31116555783930233,0.3126629273501159,0.3095975452746742,0.357851067639428,0.357851067639428,0.357851067639428,0.3284084979618556,0.3284084979618556,0.3284084979618556,0.2801922691028475,0.2801922691028475,0.2801922691028475,0.22009920500169666,0.22009920500169666,0.22009920500169666,0.350664323860388,0.350664323860388,0.350664323860388,2017
2,0.39323809207595944,0.39452501774837845,0.39205964507024127,0.25689266549751394,0.2579906821574214,0.25586435255849566,0.30762733751489313,0.30867993129438465,0.3066332923186508,0.3492092051898559,0.3492092051898559,0.3492092051898559,0.31164842935603154,0.31164842935603154,0.31164842935603154,0.27869501647724176,0.27869501647724176,0.27869501647724176,0.21121872748797346,0.21121872748797346,0.21121872748797346,0.3487428166363235,0.3487428166363235,0.3487428166363235,2018
