,TOXICITY,TOXICITY_dyu,TOXICITY_dyd,SEVERE_TOXICITY,SEVERE_TOXICITY_dyu,SEVERE_TOXICITY_dyd,IDENTITY_ATTACK,IDENTITY_ATTACK_dyu,IDENTITY_ATTACK_dyd,INSULT,INSULT_dyu,INSULT_dyd,PROFANITY,PROFANITY_dyu,PROFANITY_dyd,THREAT,THREAT_dyu,THREAT_dyd,SEXUALLY_EXPLICIT,SEXUALLY_EXPLICIT_dyu,SEXUALLY_EXPLICIT_dyd,FLIRTATION,FLIRTATION_dyu,FLIRTATION_dyd,year
0,0.34110524576645834,0.3463857118389439,0.33625999177133337,0.22255880744755543,0.22664336556465395,0.21838833259530277,0.32138475809000466,0.32594588387763807,0.31671057302203715,0.30161726731005123,0.30641442759938364,0.29678896596552845,0.25403539946791237,0.2588937332942117,0.2493744182989423,0.2591551751905897,0.2623909804042975,0.2558407349654202,0.18754434426476282,0.19102129684205046,0.18426021690695427,0.351384619282086,0.35433365151578244,0.3484567804813026,2016
1,0.3936541753906745,0.3967970686842999,0.3904905571847807,0.2678071694236259,0.27063282424539087,0.2650304103755624,0.3719206782530921,0.37472384962215977,0.36889249164090104,0.3455980476502498,0.3487090438591712,0.34266735586151814,0.2974471794900569,0.30070217093301493,0.29446376026099347,0.28145740073253545,0.2836330931702809,0.27939021207947407,0.2075488289574999,0.20961141313715284,0.20548757947434962,0.36306955549173603,0.364735442062335,0.36119843045133215,2017
2,0.4008469765351147,0.40292597315556816,0.39871285107590604,0.2706780511638916,0.27265270112465756,0.2687323536923485,0.3808838759258511,0.38309609110142573,0.3787313858757031,0.3523676612612173,0.3544382042074698,0.35028784347451064,0.3007656239154265,0.30299409894963336,0.29851328872840455,0.2857603670267581,0.2872014904397136,0.2842366858390485,0.20444957185387852,0.20590493712853938,0.20297381096181663,0.3590659445210157,0.3602950318291212,0.3578269821177121,2018
