,TOXICITY,TOXICITY_dyu,TOXICITY_dyd,SEVERE_TOXICITY,SEVERE_TOXICITY_dyu,SEVERE_TOXICITY_dyd,IDENTITY_ATTACK,IDENTITY_ATTACK_dyu,IDENTITY_ATTACK_dyd,INSULT,INSULT_dyu,INSULT_dyd,PROFANITY,PROFANITY_dyu,PROFANITY_dyd,THREAT,THREAT_dyu,THREAT_dyd,SEXUALLY_EXPLICIT,SEXUALLY_EXPLICIT_dyu,SEXUALLY_EXPLICIT_dyd,FLIRTATION,FLIRTATION_dyu,FLIRTATION_dyd,year
0,0.37037233011477544,0.37267606820713284,0.3679802771662127,0.24561810330132067,0.24760621381831077,0.24378619469758514,0.3320570910602024,0.3340354235860224,0.3300563953751279,0.32934759956213927,0.32934759956213927,0.32934759956213927,0.2833197531591201,0.2833197531591201,0.2833197531591201,0.2605785311483576,0.2605785311483576,0.2605785311483576,0.20097528615931812,0.20097528615931812,0.20097528615931812,0.355420482611828,0.355420482611828,0.355420482611828,2016
1,0.4135884748783908,0.41479162653109125,0.41230577719044414,0.2836717651385171,0.2847597663774593,0.2826722806039943,0.3795612506296447,0.3807413845047932,0.3784422096200118,0.364024524776641,0.364024524776641,0.364024524776641,0.3179591916992746,0.3179591916992746,0.3179591916992746,0.2804056897668093,0.2804056897668093,0.2804056897668093,0.2157343915714757,0.2157343915714757,0.2157343915714757,0.362846312945178,0.362846312945178,0.362846312945178,2017
2,0.4144878690632828,0.41524662769620485,0.41373691836802234,0.281214923189151,0.2818367217571783,0.28048175054507213,0.3854619022293884,0.3862366424013104,0.38475719005800324,0.3639056316292914,0.3639056316292914,0.3639056316292914,0.31448346689956314,0.31448346689956314,0.31448346689956314,0.2861822574793642,0.2861822574793642,0.2861822574793642,0.2118629285642862,0.2118629285642862,0.2118629285642862,0.3602019374923286,0.3602019374923286,0.3602019374923286,2018
