,TOXICITY,TOXICITY_dyu,TOXICITY_dyd,SEVERE_TOXICITY,SEVERE_TOXICITY_dyu,SEVERE_TOXICITY_dyd,IDENTITY_ATTACK,IDENTITY_ATTACK_dyu,IDENTITY_ATTACK_dyd,INSULT,INSULT_dyu,INSULT_dyd,PROFANITY,PROFANITY_dyu,PROFANITY_dyd,THREAT,THREAT_dyu,THREAT_dyd,SEXUALLY_EXPLICIT,SEXUALLY_EXPLICIT_dyu,SEXUALLY_EXPLICIT_dyd,FLIRTATION,FLIRTATION_dyu,FLIRTATION_dyd,year
0,0.4021293306698709,0.4030158526042562,0.4013485961313282,0.26528904423527416,0.26601668020571506,0.26454232473444783,0.31176905030105573,0.31242628827776664,0.3110828342152551,0.3582519353819603,0.3590351957416804,0.3574487258880076,0.32411098662361293,0.3250098569417247,0.3232491133599791,0.27736895405523426,0.27793297894170926,0.2768157679245526,0.21560301542657967,0.2162147218103599,0.2150016031067209,0.3504126219286432,0.3508897797278176,0.3499849511595132,2016
1,0.4001093423192382,0.40096892833654374,0.3992817039173477,0.2643277473213427,0.2650061078029088,0.26359737588617954,0.31112504692882326,0.31187512080498037,0.31040676180557253,0.35331623797871375,0.3541184916898215,0.35260909820114616,0.3200051413202357,0.3208288255886796,0.31909739343332943,0.2817499413618056,0.2822966839698201,0.28118910141102776,0.21530622602761207,0.21591005229549806,0.21470432654366298,0.35058585630558137,0.35102919536860533,0.35014528896341923,2017
2,0.3912097397807964,0.39178132731361465,0.3906429039055547,0.2548614384985018,0.25538505456391214,0.2544040747051261,0.31046105037276356,0.3109176477680283,0.3100108626151448,0.34874333609653546,0.3492700254517251,0.34819225948348287,0.30679586716102614,0.3073661420031175,0.3062041505170461,0.2830017668654109,0.2833594454973986,0.28258925761341985,0.2082777584889313,0.2086953593018553,0.20788230905803368,0.35028398544326533,0.3505922860382027,0.34996922631162514,2018
