,TOXICITY,TOXICITY_dyu,TOXICITY_dyd,SEVERE_TOXICITY,SEVERE_TOXICITY_dyu,SEVERE_TOXICITY_dyd,IDENTITY_ATTACK,IDENTITY_ATTACK_dyu,IDENTITY_ATTACK_dyd,INSULT,INSULT_dyu,INSULT_dyd,PROFANITY,PROFANITY_dyu,PROFANITY_dyd,THREAT,THREAT_dyu,THREAT_dyd,SEXUALLY_EXPLICIT,SEXUALLY_EXPLICIT_dyu,SEXUALLY_EXPLICIT_dyd,FLIRTATION,FLIRTATION_dyu,FLIRTATION_dyd,year
0,0.3499037272410217,0.3549084862659572,0.3447823116214806,0.230056108554514,0.2344564616547367,0.22588738092189467,0.3219206944722494,0.3264995610603263,0.31745522688581485,0.31058302412238303,0.31058302412238303,0.31058302412238303,0.2624187919176571,0.2624187919176571,0.2624187919176571,0.26040808978991364,0.26040808978991364,0.26040808978991364,0.19133648446332466,0.19133648446332466,0.19133648446332466,0.3517922487696275,0.3517922487696275,0.3517922487696275,2016
1,0.4004646734702678,0.4037685122631501,0.3974815125993263,0.2729999250756355,0.27578588479473615,0.27037731925260355,0.37524148113047884,0.37825281069131084,0.37214462850448304,0.35142531619961576,0.35142531619961576,0.35142531619961576,0.30395725659373923,0.30395725659373923,0.30395725659373923,0.2834622912266385,0.2834622912266385,0.2834622912266385,0.20994682038651535,0.20994682038651535,0.20994682038651535,0.3632178038389361,0.3632178038389361,0.3632178038389361,2017
2,0.405231097618705,0.40704230374437866,0.40331716609927176,0.2738284478699686,0.2754343232835685,0.27229511199388257,0.3847014361864486,0.3865953964325624,0.3828108544199323,0.3560157344402347,0.3560157344402347,0.3560157344402347,0.3041239595431233,0.3041239595431233,0.3041239595431233,0.28678332460409595,0.28678332460409595,0.28678332460409595,0.20561105103872032,0.20561105103872032,0.20561105103872032,0.3591929027063623,0.3591929027063623,0.3591929027063623,2018
