,TOXICITY,TOXICITY_dyu,TOXICITY_dyd,SEVERE_TOXICITY,SEVERE_TOXICITY_dyu,SEVERE_TOXICITY_dyd,IDENTITY_ATTACK,IDENTITY_ATTACK_dyu,IDENTITY_ATTACK_dyd,INSULT,INSULT_dyu,INSULT_dyd,PROFANITY,PROFANITY_dyu,PROFANITY_dyd,THREAT,THREAT_dyu,THREAT_dyd,SEXUALLY_EXPLICIT,SEXUALLY_EXPLICIT_dyu,SEXUALLY_EXPLICIT_dyd,FLIRTATION,FLIRTATION_dyu,FLIRTATION_dyd,year
0,0.37902227711450365,0.4079231288931298,0.35432731382061067,0.25568442672824426,0.27726703884904574,0.23563261855343512,0.3271420873272899,0.34995578458206106,0.303368376889313,0.33700209947423676,0.3639162660400763,0.3111546456755725,0.2988907337379776,0.32459066512003815,0.2738897820089695,0.2635354056469465,0.2800150442442748,0.24799209212404583,0.21808356613454188,0.23534884992938931,0.201024363148855,0.37379082830534344,0.3892982287194657,0.3602178537423664,2016
1,0.39620064496884466,0.40484324154045226,0.38722197039723616,0.26995197881575367,0.2776967574194723,0.26169748073655774,0.3651215856576619,0.37381175110515075,0.3564840222183417,0.34745571026293925,0.3565265453081658,0.338863491916206,0.30487396173143283,0.31392819978201003,0.29555375956143215,0.27729873220303924,0.28315567430653266,0.27124995928329143,0.2077328537891958,0.21387310908341708,0.20179085332437188,0.3603531610105526,0.365425752211809,0.3553529190763819,2017
2,0.414486899508336,0.4193726324301571,0.41007313776081245,0.2825299917633234,0.28659763060231197,0.2786858576105889,0.38196074229750243,0.38607165559991696,0.3772466858114766,0.3623940151567736,0.36727635795321234,0.35841634328571975,0.31625444135037184,0.3207464596173649,0.31142813334618086,0.28598322439720936,0.2890425013644782,0.2829141419990101,0.21363130417039258,0.2170186193847171,0.21040267369073953,0.3621185472794718,0.36473985921043556,0.35963511266068465,2018
