,TOXICITY,TOXICITY_dyu,TOXICITY_dyd,SEVERE_TOXICITY,SEVERE_TOXICITY_dyu,SEVERE_TOXICITY_dyd,IDENTITY_ATTACK,IDENTITY_ATTACK_dyu,IDENTITY_ATTACK_dyd,INSULT,INSULT_dyu,INSULT_dyd,PROFANITY,PROFANITY_dyu,PROFANITY_dyd,THREAT,THREAT_dyu,THREAT_dyd,SEXUALLY_EXPLICIT,SEXUALLY_EXPLICIT_dyu,SEXUALLY_EXPLICIT_dyd,FLIRTATION,FLIRTATION_dyu,FLIRTATION_dyd,year
0,0.29042480350015953,0.29246757103419413,0.28849086145180447,0.18238474455561207,0.1840328728459287,0.18079082565458376,0.21155767052427463,0.21305859910737984,0.21001942111946928,0.2515309289682397,0.2515309289682397,0.2515309289682397,0.22483720740670246,0.22483720740670246,0.22483720740670246,0.23216018909754269,0.23216018909754269,0.23216018909754269,0.1738373377828417,0.1738373377828417,0.1738373377828417,0.3448506481218817,0.3448506481218817,0.3448506481218817,2016
1,0.2956746186177768,0.2971345691469255,0.29434606379287875,0.1829021662554846,0.18406358380467205,0.1818832363663656,0.21622460090370377,0.21721765594190928,0.21517771368980448,0.2580921112213612,0.2580921112213612,0.2580921112213612,0.2256559674429175,0.2256559674429175,0.2256559674429175,0.23405396987920207,0.23405396987920207,0.23405396987920207,0.1701897246025733,0.1701897246025733,0.1701897246025733,0.3373827438236802,0.3373827438236802,0.3373827438236802,2017
2,0.3010897585871282,0.3017484895906643,0.3004050200692682,0.18371877729300687,0.18424245643652248,0.1832309731073632,0.23199177600560963,0.23252398183240178,0.2314975661671151,0.26473517933164253,0.26473517933164253,0.26473517933164253,0.22167472467299804,0.22167472467299804,0.22167472467299804,0.24489928076935288,0.24489928076935288,0.24489928076935288,0.16670427687283826,0.16670427687283826,0.16670427687283826,0.33577841520819035,0.33577841520819035,0.33577841520819035,2018
