,TOXICITY,TOXICITY_dyu,TOXICITY_dyd,SEVERE_TOXICITY,SEVERE_TOXICITY_dyu,SEVERE_TOXICITY_dyd,IDENTITY_ATTACK,IDENTITY_ATTACK_dyu,IDENTITY_ATTACK_dyd,INSULT,INSULT_dyu,INSULT_dyd,PROFANITY,PROFANITY_dyu,PROFANITY_dyd,THREAT,THREAT_dyu,THREAT_dyd,SEXUALLY_EXPLICIT,SEXUALLY_EXPLICIT_dyu,SEXUALLY_EXPLICIT_dyd,FLIRTATION,FLIRTATION_dyu,FLIRTATION_dyd,year
0,0.29134837815616416,0.293408906884478,0.28949170132450947,0.18281033373931357,0.18442853237700774,0.18139721591399474,0.21053124983206045,0.21195194760299954,0.20911015913969921,0.25201518638842346,0.25201518638842346,0.25201518638842346,0.2258425188987856,0.2258425188987856,0.2258425188987856,0.231123453681548,0.231123453681548,0.231123453681548,0.1730041686239349,0.1730041686239349,0.1730041686239349,0.34050937489934374,0.34050937489934374,0.34050937489934374,2016
1,0.2949083035648238,0.29619683283588183,0.29343872049842107,0.18269095221341353,0.18367799424629316,0.18165217984963458,0.21626255778068862,0.2171441483319332,0.21532372222352492,0.2566368605561873,0.2566368605561873,0.2566368605561873,0.2245575760350161,0.2245575760350161,0.2245575760350161,0.23406210397542287,0.23406210397542287,0.23406210397542287,0.16956929283686317,0.16956929283686317,0.16956929283686317,0.3356103011156774,0.3356103011156774,0.3356103011156774,2017
2,0.2978733484487385,0.2984692146692848,0.29727896049148766,0.1826663654188945,0.183108460389885,0.18218895971613444,0.22749084982021905,0.2279533214407203,0.22701128847553673,0.2605958307698222,0.2605958307698222,0.2605958307698222,0.22035654351671075,0.22035654351671075,0.22035654351671075,0.24202644396272263,0.24202644396272263,0.24202644396272263,0.16728366974519351,0.16728366974519351,0.16728366974519351,0.3367343387882364,0.3367343387882364,0.3367343387882364,2018
