,TOXICITY,TOXICITY_dyu,TOXICITY_dyd,SEVERE_TOXICITY,SEVERE_TOXICITY_dyu,SEVERE_TOXICITY_dyd,IDENTITY_ATTACK,IDENTITY_ATTACK_dyu,IDENTITY_ATTACK_dyd,INSULT,INSULT_dyu,INSULT_dyd,PROFANITY,PROFANITY_dyu,PROFANITY_dyd,THREAT,THREAT_dyu,THREAT_dyd,SEXUALLY_EXPLICIT,SEXUALLY_EXPLICIT_dyu,SEXUALLY_EXPLICIT_dyd,FLIRTATION,FLIRTATION_dyu,FLIRTATION_dyd,year
0,0.30700967299075815,0.30903576008345707,0.30495870262508545,0.19563758863510394,0.19721293999159117,0.1938106612933227,0.23039536033168498,0.23201802434948607,0.22885443968064695,0.2682318831662992,0.2701929177946806,0.26629115757748784,0.23596225942236418,0.2378980380980635,0.23405842876454316,0.24497260195387602,0.24651916243109398,0.2435851160234121,0.1785968840573777,0.1799648117833147,0.177329995223069,0.35046752073353177,0.3518642695708367,0.3491591914857745,2016
1,0.33764747843378556,0.3388394869665294,0.336515180993553,0.2131392276443601,0.2141529881994862,0.2122228784362314,0.24998264817968358,0.25084983484887463,0.24915530433609415,0.3000886924270444,0.30119944455182934,0.2990236094364137,0.256746931098468,0.2577724990300952,0.2556984331417857,0.2643471003097425,0.2651348361065755,0.26358626492200293,0.18249945081730132,0.18322569898926505,0.18181446815161237,0.3416117153336862,0.342325982604303,0.34095610396294534,2017
2,0.3483592520626933,0.3487021720517259,0.3479978484727893,0.21406445803858984,0.21435449880768775,0.21377395793314852,0.2738407183935181,0.2741107428421713,0.2735350931640239,0.31546931889764507,0.31584675636692194,0.3151136061912642,0.25398034435190003,0.25433184265550285,0.2536263856847215,0.27513254626557737,0.2753923497958638,0.2748567564927211,0.17672790159257162,0.17695920870575962,0.17651977634212923,0.3354850353167959,0.335700764945579,0.33526521870131104,2018
