,TOXICITY,TOXICITY_dyu,TOXICITY_dyd,SEVERE_TOXICITY,SEVERE_TOXICITY_dyu,SEVERE_TOXICITY_dyd,IDENTITY_ATTACK,IDENTITY_ATTACK_dyu,IDENTITY_ATTACK_dyd,INSULT,INSULT_dyu,INSULT_dyd,PROFANITY,PROFANITY_dyu,PROFANITY_dyd,THREAT,THREAT_dyu,THREAT_dyd,SEXUALLY_EXPLICIT,SEXUALLY_EXPLICIT_dyu,SEXUALLY_EXPLICIT_dyd,FLIRTATION,FLIRTATION_dyu,FLIRTATION_dyd,year
0,0.2770849973946961,0.28405508629933707,0.2705078818087753,0.17363269591200217,0.1791461621824843,0.16805696020926378,0.19381815738040806,0.19889098303353106,0.18918576601058965,0.23820543474139938,0.23820543474139938,0.23820543474139938,0.21537638418691646,0.21537638418691646,0.21537638418691646,0.21299045905652486,0.21299045905652486,0.21299045905652486,0.182116933834874,0.182116933834874,0.182116933834874,0.36528244797609993,0.36528244797609993,0.36528244797609993,2016
1,0.2826295808195054,0.28676669712230546,0.27874762702916556,0.17232498296429288,0.17546710996426712,0.1693422953792567,0.20313800384019073,0.20624858255612472,0.20016540968202942,0.24367903807274838,0.24367903807274838,0.24367903807274838,0.21354605983163968,0.21354605983163968,0.21354605983163968,0.22414129309406466,0.22414129309406466,0.22414129309406466,0.16808542093302395,0.16808542093302395,0.16808542093302395,0.3425527365477096,0.3425527365477096,0.3425527365477096,2017
2,0.2724629991154664,0.2738103303551136,0.27122535447906826,0.16569956065918298,0.166697888340195,0.16475516418713154,0.20374376129773453,0.20465339133363347,0.2028084739831313,0.2344088597972688,0.2344088597972688,0.2344088597972688,0.20111543828104758,0.20111543828104758,0.20111543828104758,0.22557157695972466,0.22557157695972466,0.22557157695972466,0.16259000559015027,0.16259000559015027,0.16259000559015027,0.3429857955594706,0.3429857955594706,0.3429857955594706,2018
