,TOXICITY,TOXICITY_dyu,TOXICITY_dyd,SEVERE_TOXICITY,SEVERE_TOXICITY_dyu,SEVERE_TOXICITY_dyd,IDENTITY_ATTACK,IDENTITY_ATTACK_dyu,IDENTITY_ATTACK_dyd,INSULT,INSULT_dyu,INSULT_dyd,PROFANITY,PROFANITY_dyu,PROFANITY_dyd,THREAT,THREAT_dyu,THREAT_dyd,SEXUALLY_EXPLICIT,SEXUALLY_EXPLICIT_dyu,SEXUALLY_EXPLICIT_dyd,FLIRTATION,FLIRTATION_dyu,FLIRTATION_dyd,year
0,0.3026256030866,0.30339140412020416,0.30191852232922084,0.19322769177177332,0.19382708665857498,0.19262951455763733,0.22099921029547262,0.22156210098177637,0.22048871280950463,0.26148373201413166,0.2621548355129826,0.2607853560426603,0.23389142129601107,0.23464605004694652,0.23312741373089782,0.24190582540349553,0.2424452706848,0.2414198137171649,0.17527470669243897,0.17578832784507625,0.1747889933456006,0.3380132183273444,0.3384911799828828,0.337555736719721,2016
1,0.30121363195881623,0.30172767187834054,0.3008027098739147,0.18821568446227113,0.18861320903921666,0.18784364209763743,0.22109099539334265,0.22144147276906467,0.22072452012080604,0.2618203263534828,0.26231220777914904,0.2613210620035541,0.22854617050302922,0.228993666965055,0.22803686491678804,0.23946979808085728,0.2397861448622963,0.23915270793712892,0.1703148962231784,0.17059254033788337,0.170016438463758,0.33118328062085894,0.33149477512934694,0.3308980145101974,2017
2,0.31014946295035134,0.31030812580817213,0.30998964097374015,0.19111170939081795,0.1912277867371277,0.19098413998361793,0.23828687082901429,0.2384146088736673,0.23816623511555635,0.27505899685340973,0.2752188262054802,0.27490728253072994,0.22723460769098275,0.22739392089169505,0.22707642625936583,0.25329450565906564,0.25341405648234866,0.2531744353095526,0.17000021205878227,0.17010046510567986,0.16990274238827827,0.33545568886057103,0.3355590861720834,0.33535283208222605,2018
