,TOXICITY,TOXICITY_dyu,TOXICITY_dyd,SEVERE_TOXICITY,SEVERE_TOXICITY_dyu,SEVERE_TOXICITY_dyd,IDENTITY_ATTACK,IDENTITY_ATTACK_dyu,IDENTITY_ATTACK_dyd,INSULT,INSULT_dyu,INSULT_dyd,PROFANITY,PROFANITY_dyu,PROFANITY_dyd,THREAT,THREAT_dyu,THREAT_dyd,SEXUALLY_EXPLICIT,SEXUALLY_EXPLICIT_dyu,SEXUALLY_EXPLICIT_dyd,FLIRTATION,FLIRTATION_dyu,FLIRTATION_dyd,year
0,0.3033296329504825,0.3098329470532653,0.29681591592879314,0.19264187869923066,0.19834478514853865,0.18784934525217453,0.21657203751174622,0.2213383648559782,0.2119177844869249,0.26552071783992504,0.27151750378589007,0.25962915913707174,0.2379611379263188,0.2443294412644805,0.2313301890591246,0.22640390280590172,0.23049266645629982,0.2224766775568452,0.1880060471596275,0.19207572201020837,0.18375534571591384,0.3641375265650942,0.3683469152036079,0.3598693591335478,2016
1,0.3263755883978517,0.3296167694434133,0.3232099822768273,0.20307061968640006,0.20556889873697531,0.20047140159737228,0.23422281914777385,0.23650879984525966,0.2318944949196356,0.2875622933351575,0.29089768803666416,0.2845441520782553,0.24776335728598914,0.2511497389313844,0.24455212114092043,0.2521988586643267,0.25451289147359796,0.2501241092108153,0.18016868270889913,0.18230678788484544,0.1781955938349803,0.34037138768211217,0.34216089356953183,0.33844190818660536,2017
2,0.321680523080123,0.3226075325888518,0.3207310951055014,0.1946466629833801,0.19538860896093407,0.19395220747995318,0.24548208086572634,0.24622241863546335,0.24474669759709375,0.28758112650749534,0.28847451970540305,0.28665995098789354,0.23458390914760915,0.2354032373249537,0.23360264608192916,0.25437511468244334,0.25501751167949066,0.2537355352221975,0.17115840412899405,0.17170949262422258,0.17059607452867837,0.3374953284733565,0.3380941766378151,0.33694567334031966,2018
