,TOXICITY,TOXICITY_dyu,TOXICITY_dyd,SEVERE_TOXICITY,SEVERE_TOXICITY_dyu,SEVERE_TOXICITY_dyd,IDENTITY_ATTACK,IDENTITY_ATTACK_dyu,IDENTITY_ATTACK_dyd,INSULT,INSULT_dyu,INSULT_dyd,PROFANITY,PROFANITY_dyu,PROFANITY_dyd,THREAT,THREAT_dyu,THREAT_dyd,SEXUALLY_EXPLICIT,SEXUALLY_EXPLICIT_dyu,SEXUALLY_EXPLICIT_dyd,FLIRTATION,FLIRTATION_dyu,FLIRTATION_dyd,year
0,0.36699205934672297,0.3675677497479948,0.3664464593686488,0.23598381442126157,0.23649105324956257,0.23549015555101147,0.2780936098804685,0.27853380462234967,0.2776737904511034,0.3239437152444914,0.32445982524508976,0.3234353116175313,0.29970057733845173,0.3003728396471798,0.299127943731556,0.25490002515832855,0.25526923402557056,0.2545667178913177,0.200573206121441,0.20095220578550832,0.2002136721550382,0.3345448027876519,0.33483567677792864,0.3342466488500172,2016
1,0.35679563979681267,0.35722554926004474,0.3563747674210489,0.22645956294335337,0.22680286611082226,0.22608551286982537,0.2786471707677857,0.2789712783950449,0.27829009471742394,0.3163114145557795,0.31671392974648865,0.31591692841228525,0.28423699828558074,0.28467534714793064,0.2837731977192372,0.25663383906160087,0.25691299730275313,0.25633968720853756,0.19271161251083313,0.1929888723041653,0.19242029789433648,0.33199985722338055,0.3322429064738593,0.3317439517805135,2017
2,0.3636483079138445,0.36387802477887127,0.36342565524935666,0.22993460599943097,0.2301248224837087,0.22973837240422912,0.27475947324286715,0.2749476926776193,0.27457029261976823,0.32368362011236795,0.32389724516993007,0.3234658572660706,0.29027286359950016,0.29050035753904335,0.2900179526516569,0.259229513396926,0.25937485945679395,0.25908038112506987,0.19880888291331408,0.19896600194387137,0.1986436486087074,0.33110236763387957,0.3312351145613948,0.3309748325259891,2018
