,TOXICITY,TOXICITY_dyu,TOXICITY_dyd,SEVERE_TOXICITY,SEVERE_TOXICITY_dyu,SEVERE_TOXICITY_dyd,IDENTITY_ATTACK,IDENTITY_ATTACK_dyu,IDENTITY_ATTACK_dyd,INSULT,INSULT_dyu,INSULT_dyd,PROFANITY,PROFANITY_dyu,PROFANITY_dyd,THREAT,THREAT_dyu,THREAT_dyd,SEXUALLY_EXPLICIT,SEXUALLY_EXPLICIT_dyu,SEXUALLY_EXPLICIT_dyd,FLIRTATION,FLIRTATION_dyu,FLIRTATION_dyd,year
0,0.3686024954894505,0.3739092533242102,0.3636803149639525,0.2369796935403554,0.24147698725920982,0.23258035236809746,0.27993787563370237,0.2839798082127532,0.27617071896243883,0.32428793477817924,0.32905599830453314,0.31964357438810065,0.2992497159627644,0.304572515531235,0.29386035655799114,0.25720589500143687,0.2604651171413103,0.2539711067147403,0.2007813635292569,0.20435847966520995,0.19744224309658462,0.33260429387223456,0.33533266223007063,0.32991362464953816,2016
1,0.3619369263003905,0.3650155401732665,0.35879987345388153,0.23054184197024294,0.23304258768148067,0.2278263263277363,0.2806217473656488,0.2832956018927733,0.2782041733117498,0.32097306542255954,0.3240427422781432,0.3181288397754092,0.2900680851458183,0.2934197951892468,0.28664335906166294,0.25763794776112725,0.25977903011598646,0.25556846423872415,0.19615956334341067,0.19828943584188788,0.19402651535728307,0.3325624914755718,0.33424864691386513,0.330971914128989,2017
2,0.362160564738127,0.36374898224547675,0.3607699742453619,0.22893605524683094,0.23025227614192578,0.22773401170015473,0.2721158468451027,0.2731911916856706,0.2709250823796557,0.32227007934884716,0.323695328700989,0.32084731181088655,0.28974170469815025,0.2912160365188951,0.2883232541414752,0.25670912118029765,0.25762684002421127,0.2558142263881475,0.19763825111010858,0.19874588133133697,0.1966647159678671,0.32987306714741976,0.33066661279884035,0.3290936043758369,2018
