,TOXICITY,TOXICITY_dyu,TOXICITY_dyd,SEVERE_TOXICITY,SEVERE_TOXICITY_dyu,SEVERE_TOXICITY_dyd,IDENTITY_ATTACK,IDENTITY_ATTACK_dyu,IDENTITY_ATTACK_dyd,INSULT,INSULT_dyu,INSULT_dyd,PROFANITY,PROFANITY_dyu,PROFANITY_dyd,THREAT,THREAT_dyu,THREAT_dyd,SEXUALLY_EXPLICIT,SEXUALLY_EXPLICIT_dyu,SEXUALLY_EXPLICIT_dyd,FLIRTATION,FLIRTATION_dyu,FLIRTATION_dyd,year
0,0.3435285999656298,0.3503115977604223,0.33642285869229566,0.2169684510493922,0.22283591122921959,0.2112544415357112,0.2509194628201879,0.25584465089800257,0.24609327702469683,0.3035716678727495,0.3035716678727495,0.3035716678727495,0.27733076639299487,0.27733076639299487,0.27733076639299487,0.24062006098059574,0.24062006098059574,0.24062006098059574,0.19037313863462663,0.19037313863462663,0.19037313863462663,0.3278606029556284,0.3278606029556284,0.3278606029556284,2016
1,0.3407257298634142,0.34437753795519144,0.33685267256749757,0.21323168798971442,0.21623911677252697,0.21000115540141942,0.26136384671582025,0.26404733089220195,0.258511681930991,0.30334114819657043,0.30334114819657043,0.30334114819657043,0.2696532976230811,0.2696532976230811,0.2696532976230811,0.24739233127082613,0.24739233127082613,0.24739233127082613,0.18529979102834584,0.18529979102834584,0.18529979102834584,0.3284343923112227,0.3284343923112227,0.3284343923112227,2017
2,0.3603688975681748,0.36213017586980917,0.35873130126349345,0.2290959029554589,0.23061957897764238,0.22766281446608827,0.2611862254962652,0.2624997316378626,0.2597851475608688,0.3207272266351555,0.3207272266351555,0.3207272266351555,0.29086777500625693,0.29086777500625693,0.29086777500625693,0.250725642901234,0.250725642901234,0.250725642901234,0.19715657673934095,0.19715657673934095,0.19715657673934095,0.3302823771825821,0.3302823771825821,0.3302823771825821,2018
