,TOXICITY,TOXICITY_dyu,TOXICITY_dyd,SEVERE_TOXICITY,SEVERE_TOXICITY_dyu,SEVERE_TOXICITY_dyd,IDENTITY_ATTACK,IDENTITY_ATTACK_dyu,IDENTITY_ATTACK_dyd,INSULT,INSULT_dyu,INSULT_dyd,PROFANITY,PROFANITY_dyu,PROFANITY_dyd,THREAT,THREAT_dyu,THREAT_dyd,SEXUALLY_EXPLICIT,SEXUALLY_EXPLICIT_dyu,SEXUALLY_EXPLICIT_dyd,FLIRTATION,FLIRTATION_dyu,FLIRTATION_dyd,year
0,0.3439558619356059,0.34564593685914474,0.3422937565733334,0.21844176666781057,0.21982229961908165,0.21708778520339728,0.2484728458933958,0.24971679440705516,0.24726766797536026,0.30384306719505577,0.30384306719505577,0.30384306719505577,0.2799608666991012,0.2799608666991012,0.2799608666991012,0.24390035072950256,0.24390035072950256,0.24390035072950256,0.19171760963675652,0.19171760963675652,0.19171760963675652,0.332110334085454,0.332110334085454,0.332110334085454,2016
1,0.3403163373421131,0.341720059131711,0.33898735092584314,0.21378512335195032,0.21486280111220946,0.21261374989573525,0.25995229722458413,0.26111254073681484,0.25889415452580555,0.30352791679065355,0.30352791679065355,0.30352791679065355,0.2708728279985711,0.2708728279985711,0.2708728279985711,0.24651960233994252,0.24651960233994252,0.24651960233994252,0.18623941103151131,0.18623941103151131,0.18623941103151131,0.32936380383375585,0.32936380383375585,0.32936380383375585,2017
2,0.35827689990188705,0.3591003854396351,0.3575159821170401,0.22753527264891887,0.2282412010925985,0.22691000525872468,0.26280669864040695,0.26337649754983816,0.2622308348506416,0.319561902857412,0.319561902857412,0.319561902857412,0.2876070434355769,0.2876070434355769,0.2876070434355769,0.2524887931749579,0.2524887931749579,0.2524887931749579,0.19616738210183327,0.19616738210183327,0.19616738210183327,0.3324540377126741,0.3324540377126741,0.3324540377126741,2018
