,TOXICITY,TOXICITY_dyu,TOXICITY_dyd,SEVERE_TOXICITY,SEVERE_TOXICITY_dyu,SEVERE_TOXICITY_dyd,IDENTITY_ATTACK,IDENTITY_ATTACK_dyu,IDENTITY_ATTACK_dyd,INSULT,INSULT_dyu,INSULT_dyd,PROFANITY,PROFANITY_dyu,PROFANITY_dyd,THREAT,THREAT_dyu,THREAT_dyd,SEXUALLY_EXPLICIT,SEXUALLY_EXPLICIT_dyu,SEXUALLY_EXPLICIT_dyd,FLIRTATION,FLIRTATION_dyu,FLIRTATION_dyd,year
0,0.3470017039268758,0.3491838184639504,0.3447089380804108,0.2206212928628018,0.22251852703345168,0.2187694626718239,0.24986559463140445,0.25155773768544043,0.24808203334049284,0.3076692752351529,0.3076692752351529,0.3076692752351529,0.28216089771696984,0.28216089771696984,0.28216089771696984,0.2445669803523335,0.2445669803523335,0.2445669803523335,0.19518662090852854,0.19518662090852854,0.19518662090852854,0.3326825659241302,0.3326825659241302,0.3326825659241302,2016
1,0.34487083171798627,0.3464259393051806,0.3434168503663938,0.21697176102338536,0.21816995855054655,0.21579100419915048,0.2632075362839516,0.26439649045445845,0.2620489774571076,0.3078196001053939,0.3078196001053939,0.3078196001053939,0.2743190237101016,0.2743190237101016,0.2743190237101016,0.2488297997614723,0.2488297997614723,0.2488297997614723,0.1881907194451123,0.1881907194451123,0.1881907194451123,0.3308843308413651,0.3308843308413651,0.3308843308413651,2017
2,0.35821029586758346,0.3590796669001419,0.3572496981284641,0.22740256486725813,0.22814556776406048,0.226722468300914,0.26142414814970005,0.26216067584369523,0.26081002568135614,0.3198916395563502,0.3198916395563502,0.3198916395563502,0.28808495125553024,0.28808495125553024,0.28808495125553024,0.2512229780300461,0.2512229780300461,0.2512229780300461,0.19673745145800986,0.19673745145800986,0.19673745145800986,0.3321987777574024,0.3321987777574024,0.3321987777574024,2018
