,TOXICITY,TOXICITY_dyu,TOXICITY_dyd,SEVERE_TOXICITY,SEVERE_TOXICITY_dyu,SEVERE_TOXICITY_dyd,IDENTITY_ATTACK,IDENTITY_ATTACK_dyu,IDENTITY_ATTACK_dyd,INSULT,INSULT_dyu,INSULT_dyd,PROFANITY,PROFANITY_dyu,PROFANITY_dyd,THREAT,THREAT_dyu,THREAT_dyd,SEXUALLY_EXPLICIT,SEXUALLY_EXPLICIT_dyu,SEXUALLY_EXPLICIT_dyd,FLIRTATION,FLIRTATION_dyu,FLIRTATION_dyd,year
0,0.35945346018797975,0.3615099152486737,0.3575056104329745,0.23042260587706545,0.23211347703083948,0.2288005069370955,0.26601353859623256,0.26752584718290184,0.26449199449044325,0.3181800963736859,0.31995805924197096,0.3163113388454152,0.2932675725071594,0.29542098853683424,0.2910443101513543,0.251735816151873,0.2529854919582024,0.25041537063109337,0.20058461677147127,0.20200594738358663,0.19918816381714213,0.33526719988825715,0.33639213033108734,0.33421863833249593,2016
1,0.3567269927528167,0.3580786559855701,0.35550056436343735,0.22651493586223312,0.2276806427064325,0.2253354471747531,0.2754796447351647,0.2765653678867538,0.2744530420031139,0.317348848173037,0.3185624056907224,0.31610566971233484,0.2851249240481199,0.28659661328080854,0.28371398791676666,0.2554275540125197,0.25629183445155296,0.2546131538189372,0.19367990659256845,0.19462241768148014,0.1928532381032938,0.33286752106054746,0.3336360847943429,0.3321655696773039,2017
2,0.36010655754758153,0.3608601161488484,0.3593659559334153,0.22741159453328058,0.22805993472655708,0.22679354312734143,0.27103871633438903,0.2716616061450871,0.27047635496878164,0.3212722605197154,0.3220813679568666,0.3204662855040545,0.28738671278975514,0.288248997383168,0.2866659658681811,0.25653477820341664,0.2570059349997241,0.2560484515162927,0.19729209959656235,0.197792355553393,0.1967373516023639,0.3317119287092703,0.33216544565479006,0.3312969201690775,2018
