,SEVERE_TOXICITY,SEVERE_TOXICITY_dyu,SEVERE_TOXICITY_dyd,year
0,0.249681506957194,0.25156063551127755,0.247839180082857,2017
1,0.22355764279887474,0.22458499902738135,0.22267000248203297,2018
