,SEVERE_TOXICITY,SEVERE_TOXICITY_dyu,SEVERE_TOXICITY_dyd,year
0,0.22362426224778073,0.2491577912618799,0.19626310384125328,2017
1,0.23511006844427343,0.23966184176214345,0.2304987494808171,2018
