,SEVERE_TOXICITY,SEVERE_TOXICITY_dyu,SEVERE_TOXICITY_dyd,year
0,0.21796766588135288,0.22526190696983026,0.21051279781293727,2016
1,0.23863295466308582,0.24222761809738058,0.23527711906249438,2017
